ID,PerfilEconomico,Sexo,Idade,PerfilCompra,ValorCompraAnual,GastoMax,GastoMedio,UF,CidadeResidencia,RegiaodoPais,NumeroComprasOnline,MesesDesempregado,Anuidade
180,2,mulher,24,2,1875,133.9285714286,156.25,MA,Centro Novo do Maranhão,Região Nordeste,13.0208333333,2,"251,1938708281"
119,3,mulher,22,0,725,51.7857142857,60.4166666667,PI,Amarante,Região Nordeste,5.4924242424,13,"233,5439410115"
274,3,homem,22,0,72292,5163.7142857143,6024.3333333333,MT,Santo Antônio do Leverger,Região Centro-Oeste,547.6666666667,2,"275,4369442974"
107,3,homem,22,1,155,11.0714285714,12.9166666667,PR,Quitandinha,Região Sul,1.1742424242,13,"2,0031106899"
37,2,mulher,15,1,26,1.8571428571,2.1666666667,SP,Nova Campina,Região Sudeste,0.2888888889,7,"249,3346886075"
101,3,mulher,22,0,78792,5628,6566,AL,Capela,Região Nordeste,596.9090909091,6,"296,6777871006"
300,1,homem,22,0,227525,16251.7857142857,18960.4166666667,MA,Palmeirândia,Região Nordeste,1723.6742424243,2,"143,6075404587"
53,1,mulher,24,0,831583,59398.7857142857,69298.5833333333,RS,Agudo,Região Sul,5774.8819444445,1,"261,611129936"
263,1,mulher,30,0,935,66.7857142857,77.9166666667,ES,Muniz Freire,Região Sudeste,5.1944444444,3,"179,4572649332"
181,1,homem,64,1,263,18.7857142857,21.9166666667,MG,Matipó,Região Sudeste,0.6848958333,9,"174,4128428279"
187,3,homem,22,0,81125,5794.6428571429,6760.4166666667,MT,Rosário Oeste,Região Centro-Oeste,614.5833333333,7,"148,5129712769"
276,3,mulher,22,0,223583,15970.2142857143,18631.9166666667,MG,Águas Formosas,Região Sudeste,1693.8106060606,3,"157,3140224943"
66,2,mulher,22,1,29,2.0714285714,2.4166666667,SE,Japaratuba,Região Nordeste,0.2196969697,4,"62,4258796084"
184,3,homem,20,0,95,6.7857142857,7.9166666667,RS,Imbé,Região Sul,0.7916666667,0,"263,1826938701"
110,3,mulher,22,0,72292,5163.7142857143,6024.3333333333,AM,Urucará,Região Norte,547.6666666667,3,"155,4986788076"
118,1,mulher,22,1,821708,58693.4285714286,68475.6666666667,RO,Alto Paraíso,Região Norte,6225.0606060606,7,"295,6143963821"
35,3,homem,35,0,78,5.5714285714,6.5,SE,Nossa Senhora Aparecida,Região Nordeste,0.3714285714,12,"83,7109753351"
21,3,homem,21,0,805,57.5,67.0833333333,AL,Porto de Pedras,Região Nordeste,6.3888888889,11,"85,77197166"
162,3,mulher,10,0,2415,172.5,201.25,RJ,Carmo,Região Sudeste,40.25,7,"245,0319119851"
245,3,mulher,22,0,76292,5449.4285714286,6357.6666666667,PB,Picuí,Região Nordeste,577.9696969697,4,"75,0169175724"
239,1,mulher,54,1,782667,55904.7857142857,65222.25,MG,Ipanema,Região Sudeste,2415.6388888889,6,"215,1893404533"
137,3,mulher,24,0,167,11.9285714286,13.9166666667,AL,Canapi,Região Nordeste,1.1597222222,9,"309,3770410774"
238,3,homem,22,0,144583,10327.3571428571,12048.5833333333,AM,Pauini,Região Norte,1095.3257575758,3,"135,7638109741"
203,1,homem,48,0,2655,189.6428571429,221.25,SP,Itaberá,Região Sudeste,9.21875,6,"293,0775589441"
100,2,mulher,38,0,13,0.9285714286,1.0833333333,AL,Batalha,Região Nordeste,0.0570175439,12,"103,8136430914"
237,3,homem,21,0,805,57.5,67.0833333333,PE,Araçoiaba,Região Nordeste,6.3888888889,11,"125,0169823521"
75,1,homem,38,0,1534625,109616.071428571,127885.416666667,MG,Ladainha,Região Sudeste,6730.8114035088,9,"136,5431650121"
115,3,homem,19,0,805,57.5,67.0833333333,GO,Pontalina,Região Centro-Oeste,7.0614035088,1,"235,8791751076"
299,1,mulher,48,1,396,28.2857142857,33,MT,Canarana,Região Centro-Oeste,1375,9,"109,0645826339"
89,2,mulher,40,0,13,0.9285714286,1.0833333333,PB,Pocinhos,Região Nordeste,0.0541666667,12,"142,475880425"
106,3,homem,35,0,705,50.3571428571,58.75,MG,Resplendor,Região Sudeste,3.3571428571,8,"94,2371282832"
117,3,mulher,21,3,21075,1505.3571428572,1756.25,MG,Jaboticatubas,Região Sudeste,1170.8333333333,11,"58,2446635733"
15,1,mulher,30,1,1465,104.6428571429,122.0833333333,SP,São José da Bela Vista,Região Sudeste,8.1388888889,12,"3,190601201"
282,1,mulher,22,0,495,35.3571428571,41.25,SP,Caconde,Região Sudeste,3.75,8,"26,9104428557"
79,1,homem,29,1,666,47.5714285714,55.5,BA,Umburanas,Região Nordeste,3.8275862069,2,"100,4260595274"
96,3,homem,25,1,178,12.7142857143,14.8333333333,BA,Coronel João sá,Região Nordeste,1.1866666667,2,"116,2175218803"
73,3,mulher,22,2,2325,166.0714285714,193.75,PR,Cerro Azul,Região Sul,17.6136363636,2,"55,4858462167"
3,3,mulher,26,0,7925,566.0714285714,660.4166666667,PR,Agudos do Sul,Região Sul,50.8012820513,2,"25,8241240515"
195,1,homem,30,0,2775,198.2142857143,231.25,MA,Morros,Região Nordeste,15.4166666667,1,"238,2330003587"
102,3,mulher,22,0,78792,5628,6566,SC,Piçarras,Região Sul,596.9090909091,12,"98,905830739"
153,3,homem,22,0,78958,5639.8571428572,6579.8333333333,SP,Pradópolis,Região Sudeste,598.1666666667,8,"150,9896609617"
185,3,homem,25,1,7775,555.3571428571,647.9166666667,PI,Pio ix,Região Nordeste,51.8333333333,3,"158,2282590368"
208,3,homem,38,0,705,50.3571428571,58.75,MG,Conceição do Mato Dentro,Região Sudeste,3.0921052632,12,"114,4607781396"
241,1,mulher,25,1,15155,1082.5,1262.9166666667,MT,Comodoro,Região Centro-Oeste,101.0333333333,1,"261,3229960177"
260,3,homem,22,0,2415,172.5,201.25,PE,Iati,Região Nordeste,18.2954545455,4,"192,1016893261"
36,1,mulher,34,1,7672,548,639.3333333333,GO,Nova Glória,Região Centro-Oeste,37.6078431373,5,"17,8545817088"
210,1,homem,56,0,2655,189.6428571429,221.25,RJ,Mendes,Região Sudeste,7.9017857143,3,"75,7442062867"
164,3,homem,21,0,77333,5523.7857142857,6444.4166666667,MA,Gonçalves Dias,Região Nordeste,613.753968254,8,"36,6953937449"
155,1,mulher,33,1,90,6.4285714286,7.5,SP,Paraibuna,Região Sudeste,0.4545454545,4,"72,3126863253"
222,3,mulher,21,0,122875,8776.7857142857,10239.5833333333,SP,Itatinga,Região Sudeste,10239.5833333333,13,"91,9917192201"
292,2,homem,21,1,3675,262.5,306.25,CE,Itapiúna,Região Nordeste,76.5625,10,"60,0865462776"
13,3,homem,34,0,78958,5639.8571428572,6579.8333333333,PI,Redenção do Gurguéia,Região Nordeste,387.0490196078,8,"146,7271459187"
122,3,homem,19,0,7775,555.3571428571,647.9166666667,MG,Lagoa Formosa,Região Sudeste,68.201754386,4,"116,1333874217"
24,3,mulher,40,1,9475,676.7857142857,789.5833333333,RS,São Vicente do Sul,Região Sul,39.4791666667,3,"226,0194086774"
221,3,homem,22,0,75208,5372,6267.3333333333,PR,Cruz Machado,Região Sul,569.7575757576,8,"116,0848731217"
17,2,homem,45,0,105,7.5,8.75,BA,Palmeiras,Região Nordeste,0.3888888889,2,"9,3257240524"
244,3,mulher,21,0,775,55.3571428571,64.5833333333,PB,São João do Rio do Peixe,Região Nordeste,6.1507936508,2,"70,2690594904"
44,3,homem,15,0,72292,5163.7142857143,6024.3333333333,RS,Tuparendi,Região Sul,803.2444444444,5,"225,1071631026"
192,1,homem,52,0,305,21.7857142857,25.4166666667,MA,Formosa da Serra Negra,Região Nordeste,0.9775641026,9,"146,2444613624"
18,1,homem,35,1,8217,586.9285714286,684.75,MG,Serra Dos Aimorés,Região Sudeste,39.1285714286,9,"284,9874639281"
95,3,homem,18,1,72292,5163.7142857143,6024.3333333333,BA,Abaré,Região Nordeste,803.2444444444,0,"277,5988413178"
179,3,mulher,21,2,34375,2455.3571428572,2864.5833333333,MT,Poxoréo,Região Centro-Oeste,272.8174603175,10,"154,9795991466"
217,3,mulher,22,0,98375,7026.7857142857,8197.9166666667,SP,Castilho,Região Sudeste,745.2651515152,10,"169,203614067"
214,3,homem,38,0,86625,6187.5,7218.75,AM,Jutaí,Região Norte,379.9342105263,5,"42,2083373038"
288,1,homem,64,0,26,1.8571428571,2.1666666667,RO,Colorado do Oeste,Região Norte,0.0677083333,10,"111,1248651855"
233,3,homem,22,1,199667,14261.9285714286,16638.9166666667,MG,Santa Vitória,Região Sudeste,1512.6287878788,7,"41,0224586415"
227,1,homem,25,1,910792,65056.5714285714,75899.3333333333,MT,Sapezal,Região Centro-Oeste,6071.9466666667,6,"302,4347797637"
272,2,homem,23,2,115,8.2142857143,9.5833333333,PR,Siqueira Campos,Região Sul,0.8333333333,7,"81,3806334616"
142,2,mulher,28,0,1265,90.3571428571,105.4166666667,BA,Ibicoara,Região Nordeste,7.5297619048,1,"225,5841250044"
189,2,mulher,13,0,195,13.9285714286,16.25,PA,Rio Maria,Região Norte,2.5,0,"305,7412721232"
159,2,mulher,34,1,325,23.2142857143,27.0833333333,PE,Correntes,Região Nordeste,1.5931372549,13,"68,3764074321"
173,1,homem,28,0,2655,189.6428571429,221.25,PI,Regeneração,Região Nordeste,15.8035714286,6,"114,2721076884"
70,2,mulher,36,0,13,0.9285714286,1.0833333333,BA,Condeúba,Região Nordeste,0.0601851852,3,"264,8694772409"
165,3,homem,29,0,7875,562.5,656.25,MG,Luz,Região Sudeste,45.2586206897,9,"110,5342511547"
209,2,homem,22,0,0,0,0,SC,Papanduva,Região Sul,0,1,"217,228574894"
249,2,mulher,33,0,26,1.8571428571,2.1666666667,AM,Nhamundá,Região Norte,0.1313131313,13,"60,5949619855"
186,2,mulher,28,0,13,0.9285714286,1.0833333333,MG,Arinos,Região Sudeste,0.0773809524,7,"243,0752653602"
59,2,mulher,24,1,26,1.8571428571,2.1666666667,PR,Terra Roxa,Região Sul,0.1805555556,3,"204,3458071199"
230,1,homem,58,0,297,21.2142857143,24.75,BA,Ituaçu,Região Nordeste,0.8534482759,0,"100,9920764982"
45,1,mulher,38,0,80,5.7142857143,6.6666666667,RJ,Rio Das Flores,Região Sudeste,0.350877193,9,"176,0881458568"
254,3,homem,22,0,805,57.5,67.0833333333,PE,Serrita,Região Nordeste,6.0984848485,1,"214,6203238285"
133,1,homem,36,1,120,8.5714285714,10,MG,Piranga,Região Sudeste,0.5555555556,9,"284,4383347533"
83,2,homem,21,1,26,1.8571428571,2.1666666667,BA,Central,Região Nordeste,2.1666666667,7,"88,5583258165"
50,2,mulher,35,0,105,7.5,8.75,MG,Santana do Manhuaçu,Região Sudeste,0.5,6,"23,4659917877"
85,2,homem,28,0,13,0.9285714286,1.0833333333,ES,Fundão,Região Sudeste,0.0773809524,6,"177,0040699671"
27,2,mulher,31,1,41579,2969.9285714286,3464.9166666667,RS,General Câmara,Região Sul,223.5430107527,4,"230,8370248638"
63,3,homem,22,0,725,51.7857142857,60.4166666667,SP,Alumínio,Região Sudeste,5.4924242424,1,"288,8922208369"
285,3,mulher,11,4,31275,2233.9285714286,2606.25,CE,Cariús,Região Nordeste,473.8636363636,14,"25,8497415355"
31,3,mulher,15,0,775,55.3571428571,64.5833333333,AL,Olho D´água do Casado,Região Nordeste,8.6111111111,9,"244,6338909369"
76,3,homem,16,2,18,1.2857142857,1.5,BA,Pedro Alexandre,Região Nordeste,0.1875,9,"261,2836293037"
243,3,homem,18,0,86625,6187.5,7218.75,PE,São José da Coroa Grande,Região Nordeste,849.2647058824,7,"180,6234323482"
98,3,homem,28,0,95,6.7857142857,7.9166666667,BA,Antas,Região Nordeste,0.5654761905,4,"92,4948566146"
199,1,homem,65,0,2655,189.6428571429,221.25,AM,Urucurituba,Região Norte,6.8076923077,4,"105,452417411"
7,1,homem,54,0,51862,3704.4285714286,4321.8333333333,PR,Figueira,Região Sul,160.0679012346,14,"228,9573381614"
61,1,mulher,31,0,1648667,117761.928571429,137388.916666667,AP,Porto Grande,Região Norte,8863.8010752688,11,"136,2258912736"
82,1,homem,45,0,355,25.3571428571,29.5833333333,BA,Ibipeba,Região Nordeste,1.3148148148,10,"79,5864907593"
200,1,mulher,22,1,518625,37044.6428571429,43218.75,BA,Ibititá,Região Nordeste,3928.9772727273,0,"18,7045376346"
294,2,homem,27,0,26,1.8571428571,2.1666666667,CE,Pindoretama,Região Nordeste,0.1604938272,7,"59,255812986"
169,2,mulher,28,1,26,1.8571428571,2.1666666667,MG,Nova Era,Região Sudeste,0.1547619048,11,"308,5920609372"
277,3,mulher,30,0,86625,6187.5,7218.75,MG,Alpinópolis,Região Sudeste,481.25,0,"216,7059782949"
196,1,homem,49,1,891042,63645.8571428571,74253.5,MA,São Benedito do Rio Preto,Região Nordeste,3030.7551020408,13,"119,8920455991"
141,2,homem,23,0,105,7.5,8.75,SP,Águas de Lindóia,Região Sudeste,0.7608695652,3,"175,0900997904"
20,3,homem,15,0,72292,5163.7142857143,6024.3333333333,RN,Pureza,Região Nordeste,803.2444444444,8,"271,8300175683"
111,3,mulher,22,0,775,55.3571428571,64.5833333333,SC,Abelardo Luz,Região Sul,5.8712121212,11,"119,6791969329"
109,1,mulher,60,1,7525,537.5,627.0833333333,BA,Macarani,Região Nordeste,20.9027777778,11,"229,3965513174"
150,2,homem,21,1,1875,133.9285714286,156.25,MG,São Domingos do Prata,Região Sudeste,104.1666666667,0,"176,0884804282"
171,3,homem,22,0,775,55.3571428571,64.5833333333,SP,Capela do Alto,Região Sudeste,5.8712121212,8,"90,5899800891"
126,1,mulher,35,1,52,3.7142857143,4.3333333333,PE,Cumaru,Região Nordeste,0.2476190476,6,"3,3923074876"
6,3,homem,22,0,84583,6041.6428571429,7048.5833333333,AL,Carneiros,Região Nordeste,640.7803030303,10,"290,2919775591"
69,3,homem,61,0,62375,4455.3571428572,5197.9166666667,PA,São Caetano de Odivelas,Região Norte,170.4234972678,14,"173,252453308"
235,1,homem,55,0,305,21.7857142857,25.4166666667,AM,Santa Isabel do Rio Negro,Região Norte,0.9242424242,7,"98,2211001468"
273,2,mulher,21,1,26,1.8571428571,2.1666666667,GO,Itapaci,Região Centro-Oeste,2.1666666667,12,"279,206785052"
58,3,mulher,26,0,78542,5610.1428571429,6545.1666666667,GO,Caiapônia,Região Centro-Oeste,503.4743589744,11,"1,1800201299"
228,3,mulher,22,3,254667,18190.5,21222.25,BA,Serra Dourada,Região Nordeste,1929.2954545455,11,"86,3751447096"
55,2,mulher,26,1,26,1.8571428571,2.1666666667,CE,Carnaubal,Região Nordeste,0.1666666667,7,"126,3758446421"
229,1,mulher,35,1,90,6.4285714286,7.5,ES,Piúma,Região Sudeste,0.4285714286,6,"41,0522010665"
47,3,homem,30,3,279,19.9285714286,23.25,MT,Apiacás,Região Centro-Oeste,1.55,13,"259,1634995956"
174,3,mulher,22,1,161,11.5,13.4166666667,MA,Passagem Franca,Região Nordeste,1.2196969697,5,"29,6348694514"
4,1,mulher,35,1,531,37.9285714286,44.25,PR,Congonhinhas,Região Sul,2.5285714286,10,"50,0574915431"
88,2,mulher,24,0,13,0.9285714286,1.0833333333,AP,Mazagão,Região Norte,0.0902777778,1,"148,1491707957"
10,3,homem,31,0,7225,516.0714285714,602.0833333333,PB,Gado Bravo,Região Nordeste,38.8440860215,1,"257,667009265"
289,2,mulher,19,1,26,1.8571428571,2.1666666667,MA,Olho D´água Das Cunhãs,Região Nordeste,0.2280701754,9,"238,9878747065"
104,2,homem,29,1,277208,19800.5714285714,23100.6666666667,SP,Araçariguama,Região Sudeste,1593.1494252874,1,"23,1574274799"
78,3,homem,22,0,78958,5639.8571428572,6579.8333333333,PE,São Vicente Ferrer,Região Nordeste,598.1666666667,4,"2,5398365854"
56,3,homem,28,0,78958,5639.8571428572,6579.8333333333,PB,Cacimba de Dentro,Região Nordeste,469.9880952381,13,"287,3415577022"
198,3,homem,29,0,78958,5639.8571428572,6579.8333333333,MT,Chapada Dos Guimarães,Região Centro-Oeste,453.7816091954,3,"185,4727266164"
87,2,homem,36,0,13,0.9285714286,1.0833333333,BA,Tremedal,Região Nordeste,0.0601851852,4,"12,1353386403"
147,3,mulher,20,0,86625,6187.5,7218.75,BA,Cabaceiras do Paraguaçu,Região Nordeste,721875,1,"53,0074952775"
183,2,mulher,45,1,2625,187.5,218.75,CE,Solonópole,Região Nordeste,9.7222222222,10,"307,084782801"
286,2,homem,32,1,26,1.8571428571,2.1666666667,PE,Carnaíba,Região Nordeste,0.1354166667,7,"190,8247984741"
99,1,mulher,22,0,55,3.9285714286,4.5833333333,RS,Giruá,Região Sul,0.4166666667,0,"304,3053052731"
2,1,mulher,38,1,71283,5091.6428571429,5940.25,RN,Marcelino Vieira,Região Nordeste,312.6447368421,0,"287,052505082"
267,3,homem,22,0,72292,5163.7142857143,6024.3333333333,TO,Formoso do Araguaia,Região Norte,547.6666666667,7,"38,0430289253"
296,3,homem,22,0,7225,516.0714285714,602.0833333333,SP,Junqueirópolis,Região Sudeste,54.7348484848,10,"35,9564190056"
120,1,homem,27,0,2115,151.0714285714,176.25,PA,Santa Bárbara do Pará,Região Norte,13.0555555556,14,"124,9734554944"
197,3,homem,22,0,805,57.5,67.0833333333,SP,Paranapanema,Região Sudeste,6.0984848485,9,"227,7174348054"
132,2,mulher,17,0,12,0.8571428571,1,PB,Araçagi,Região Nordeste,0.1176470588,9,"294,0985292934"
295,3,homem,22,0,78292,5592.2857142857,6524.3333333333,MG,Guaranésia,Região Sudeste,593.1212121212,8,"23,6472330724"
71,3,mulher,31,1,20525,1466.0714285714,1710.4166666667,PE,Dormentes,Região Nordeste,110.3494623656,4,"0,0965973489"
207,3,homem,22,0,805,57.5,67.0833333333,AL,Inhapi,Região Nordeste,6.0984848485,4,"183,3277079743"
124,3,mulher,21,0,157417,11244.0714285714,13118.0833333333,CE,Santana do Cariri,Região Nordeste,26236.1666666667,1,"280,9463506714"
46,1,homem,45,1,83475,5962.5,6956.25,RO,Itapuã do Oeste,Região Norte,309.1666666667,14,"249,9543234478"
154,3,homem,22,0,68583,4898.7857142857,5715.25,MA,Pirapemas,Região Nordeste,519.5681818182,6,"26,0642598912"
19,1,homem,34,1,52,3.7142857143,4.3333333333,GO,Bom Jardim de Goiás,Região Centro-Oeste,0.2549019608,12,"257,7891563945"
266,1,mulher,44,0,579792,41413.7142857143,48316,PR,Sengés,Região Sul,2196.1818181818,3,"170,169354946"
30,3,homem,34,1,155,11.0714285714,12.9166666667,AC,Bujari,Região Norte,0.7598039216,7,"87,2801976905"
26,3,homem,30,0,78958,5639.8571428572,6579.8333333333,MA,Cachoeira Grande,Região Nordeste,438.6555555556,10,"27,8283226927"
161,2,homem,30,0,13,0.9285714286,1.0833333333,RJ,Rio Claro,Região Sudeste,0.0722222222,13,"271,8416401091"
77,1,mulher,22,1,13365,954.6428571429,1113.75,PB,Itapororoca,Região Nordeste,101.25,0,"162,1968199229"
219,2,homem,34,1,21,1.5,1.75,PB,Alhandra,Região Nordeste,0.1029411765,1,"308,5875853098"
205,1,homem,47,0,385,27.5,32.0833333333,SP,Guapiaçu,Região Sudeste,1.365248227,5,"98,8283819386"
16,3,mulher,31,0,775,55.3571428571,64.5833333333,SC,Iporã do Oeste,Região Sul,4.1666666667,13,"192,9355101098"
25,2,mulher,27,1,21,1.5,1.75,AM,Silves,Região Norte,0.1296296296,1,"291,7017013333"
81,3,homem,45,0,805,57.5,67.0833333333,CE,Jijoca de Jericoacoara,Região Nordeste,2.9814814815,0,"128,7125666143"
158,3,mulher,22,0,805,57.5,67.0833333333,MG,Cássia,Região Sudeste,6.0984848485,12,"126,0005215621"
231,3,homem,30,0,805,57.5,67.0833333333,SC,Três Barras,Região Sul,4.4722222222,13,"247,3251315091"
246,3,mulher,37,0,95875,6848.2142857143,7989.5833333333,PE,Vertentes,Região Nordeste,431.8693693694,0,"138,5292440411"
1,3,homem,22,1,7250,517.8571428571,604.1666666667,MG,Morada Nova de Minas,Região Sudeste,54.9242424242,2,"32,17836445"
190,1,homem,34,0,2655,189.6428571429,221.25,MG,Itacarambi,Região Sudeste,13.0147058824,10,"161,6277358279"
252,3,homem,26,0,564958,40354.1428571429,47079.8333333333,GO,Aragarças,Região Centro-Oeste,3621.5256410257,0,"54,7213677714"
143,3,homem,39,0,7925,566.0714285714,660.4166666667,SC,Jaguaruna,Região Sul,33.8675213675,7,"298,9327750963"
43,3,homem,34,5,469,33.5,39.0833333333,PR,Mauá da Serra,Região Sul,2.2990196078,9,"234,2526006469"
12,3,mulher,35,0,78792,5628,6566,MG,Lontra,Região Sudeste,375.2,8,"38,320729363"
262,3,homem,32,0,78958,5639.8571428572,6579.8333333333,CE,Icapuí,Região Nordeste,411.2395833333,9,"242,4278499924"
201,2,mulher,50,0,105,7.5,8.75,MA,Barão de Grajaú,Região Nordeste,0.35,14,"66,2425244671"
67,3,homem,22,8,6955,496.7857142857,579.5833333333,PA,Trairão,Região Norte,52.6893939394,7,"241,1372005815"
125,3,homem,32,0,7925,566.0714285714,660.4166666667,SE,Ribeirópolis,Região Nordeste,41.2760416667,12,"160,0490227222"
103,3,homem,40,1,279,19.9285714286,23.25,AM,Tonantins,Região Norte,1.1625,11,"190,9660037099"
280,1,mulher,30,0,106425,7601.7857142857,8868.75,SE,Neópolis,Região Nordeste,591.25,7,"48,4255280026"
144,3,homem,26,0,805,57.5,67.0833333333,SP,Viradouro,Região Sudeste,5.1602564103,7,"213,3880783324"
270,1,homem,22,0,2217792,158413.714285714,184816,SP,Pariquera-açu,Região Sudeste,16801.4545454545,10,"274,3046006961"
40,2,mulher,31,0,105,7.5,8.75,SP,Ariranha,Região Sudeste,0.564516129,4,"232,663945546"
28,3,mulher,45,0,78792,5628,6566,PI,Murici Dos Portelas,Região Nordeste,291.8222222222,7,"216,3557773526"
62,1,mulher,40,1,1345,96.0714285714,112.0833333333,CE,Tejuçuoca,Região Nordeste,5.6041666667,12,"287,7988396048"
250,1,homem,22,0,2655,189.6428571429,221.25,PA,Curionópolis,Região Norte,20.1136363636,6,"238,6285784313"
49,3,homem,45,1,152458,10889.8571428571,12704.8333333333,GO,Itauçu,Região Centro-Oeste,564.6592592593,7,"170,9403060021"
51,3,homem,34,0,81583,5827.3571428572,6798.5833333333,MG,Pavão,Região Sudeste,399.9166666667,0,"101,9944826487"
297,3,mulher,22,0,7775,555.3571428571,647.9166666667,CE,Catarina,Região Nordeste,58.9015151515,10,"162,915015282"
253,3,homem,29,0,775,55.3571428571,64.5833333333,MG,Baependi,Região Sudeste,4.4540229885,12,"296,4491010058"
281,3,homem,22,0,145,10.3571428571,12.0833333333,PR,Capanema,Região Sul,1.0984848485,6,"143,1365609565"
152,3,mulher,22,3,254667,18190.5,21222.25,BA,Madre de Deus,Região Nordeste,1929.2954545455,11,"261,2118926511"
39,1,homem,30,0,355,25.3571428571,29.5833333333,MA,Jatobá,Região Nordeste,1.9722222222,14,"85,3566820924"
108,3,homem,30,0,725,51.7857142857,60.4166666667,PB,Belém,Região Nordeste,4.0277777778,14,"17,1838763828"
114,3,homem,18,1,64958,4639.8571428572,5413.1666666667,MG,Borda da Mata,Região Sudeste,601.462962963,9,"66,6491937976"
97,3,homem,22,0,7225,516.0714285714,602.0833333333,CE,Croatá,Região Nordeste,54.7348484848,12,"34,1570358387"
94,1,homem,22,0,35,2.5,2.9166666667,CE,Capistrano,Região Nordeste,0.2651515152,7,"130,0033935242"
172,3,homem,32,0,805,57.5,67.0833333333,SP,Cerqueira César,Região Sudeste,4.1927083333,9,"301,0588279887"
84,1,mulher,24,3,263,18.7857142857,21.9166666667,PB,Pitimbu,Região Nordeste,1.8263888889,1,"65,1586490204"
112,1,mulher,24,0,693,49.5,57.75,PE,Camocim de São Félix,Região Nordeste,4.8125,8,"266,5515941382"
146,3,homem,28,1,1585,113.2142857143,132.0833333333,CE,Banabuiú,Região Nordeste,9.4345238095,9,"183,3154319977"
160,2,mulher,18,0,13,0.9285714286,1.0833333333,AL,Anadia,Região Nordeste,0.1203703704,13,"215,5993835206"
52,3,mulher,18,4,7925,566.0714285714,660.4166666667,SP,Paulo de Faria,Região Sudeste,73.3796296296,8,"216,4443139613"
225,3,homem,50,0,805,57.5,67.0833333333,PE,Manari,Região Nordeste,2.6833333333,3,"229,0939784758"
74,1,homem,21,0,285,20.3571428571,23.75,PA,Terra Santa,Região Norte,0.1043956044,0,"88,0978334726"
178,1,mulher,14,1,120,8.5714285714,10,CE,Varjota,Região Nordeste,1.4285714286,13,"204,0283037925"
202,3,homem,22,0,775,55.3571428571,64.5833333333,ES,Montanha,Região Sudeste,5.8712121212,11,"156,2032319299"
218,1,homem,22,0,52,3.7142857143,4.3333333333,AM,Apuí,Região Norte,0.3939393939,8,"60,9119520995"
135,3,homem,28,2,7925,566.0714285714,660.4166666667,PR,Clevelândia,Região Sul,47.1726190476,9,"36,9286052533"
220,3,homem,29,1,70458,5032.7142857143,5871.5,PI,Jaicós,Região Nordeste,404.9310344828,6,"269,8808124177"
226,3,mulher,63,0,95875,6848.2142857143,7989.5833333333,CE,Madalena,Região Nordeste,253.6375661376,0,"68,3013689206"
86,2,homem,25,0,13,0.9285714286,1.0833333333,RO,Cerejeiras,Região Norte,0.0866666667,3,"174,9506496213"
8,3,homem,20,3,21075,1505.3571428572,1756.25,BA,Ouriçangas,Região Nordeste,175625,10,"283,5166994263"
113,1,homem,25,1,554417,39601.2142857143,46201.4166666667,MG,Rio Pomba,Região Sudeste,3696.1133333333,7,"6,6977697519"
278,2,mulher,21,0,2625,187.5,218.75,SP,Regente Feijó,Região Sudeste,62.5,10,"57,9076970033"
90,3,mulher,22,1,161,11.5,13.4166666667,MS,Mundo Novo,Região Centro-Oeste,1.2196969697,2,"55,7763990346"
156,2,homem,22,0,0,0,0,GO,Hidrolândia,Região Centro-Oeste,0,9,"272,0222469902"
268,3,homem,21,0,775,55.3571428571,64.5833333333,BA,São Gabriel,Região Nordeste,0.3189300412,13,"161,2194305974"
92,3,homem,42,0,86625,6187.5,7218.75,PR,Mangueirinha,Região Sul,343.75,8,"66,3949816332"
298,1,homem,62,0,2655,189.6428571429,221.25,BA,Taperoá,Região Nordeste,7.1370967742,8,"230,8078456616"
65,2,mulher,30,0,1235,88.2142857143,102.9166666667,SE,Areia Branca,Região Nordeste,6.8611111111,11,"291,109564074"
293,1,homem,17,0,1108833,79202.3571428572,92402.75,MT,Aripuanã,Região Centro-Oeste,10870.9117647059,14,"251,433690289"
123,1,mulher,42,0,227525,16251.7857142857,18960.4166666667,MA,Presidente Sarney,Região Nordeste,902.876984127,9,"250,390046731"
151,3,homem,21,0,7775,555.3571428571,647.9166666667,SP,Colina,Região Sudeste,61.7063492063,9,"180,4530738993"
206,2,homem,48,0,13,0.9285714286,1.0833333333,BA,Conceição do Almeida,Região Nordeste,0.0451388889,12,"12,2110857243"
163,3,homem,22,0,78958,5639.8571428572,6579.8333333333,MA,São Raimundo Das Mangabeiras,Região Nordeste,598.1666666667,14,"200,6976545873"
242,3,homem,24,0,77958,5568.4285714286,6496.5,PB,Ingá,Região Nordeste,541375,4,"205,6397530837"
248,1,homem,18,1,1089,77.7857142857,90.75,SP,Ribeirão Branco,Região Sudeste,10.0833333333,7,"125,4967601477"
148,2,homem,34,1,21,1.5,1.75,SC,Ibirama,Região Sul,0.1029411765,6,"47,8243643395"
212,3,mulher,75,2,192583,13755.9285714286,16048.5833333333,BA,Piatã,Região Nordeste,427.9622222222,12,"288,1450519279"
11,1,homem,45,3,263,18.7857142857,21.9166666667,MG,Prados,Região Sudeste,0.9740740741,9,"245,693138323"
54,1,mulher,18,2,262375,18741.0714285714,21864.5833333333,BA,Filadélfia,Região Nordeste,2429.3981481482,7,"9,3240772958"
271,3,homem,39,0,7925,566.0714285714,660.4166666667,MA,Esperantinópolis,Região Nordeste,33.8675213675,10,"219,1484903511"
251,3,homem,28,0,22525,1608.9285714286,1877.0833333333,MG,Simonésia,Região Sudeste,134.0773809524,14,"103,4709061129"
60,2,homem,54,0,14,1,1.1666666667,PB,Juazeirinho,Região Nordeste,0.0432098765,10,"119,9672712808"
236,1,homem,71,0,495042,35360.1428571429,41253.5,BA,Cocos,Região Nordeste,1162.0704225352,0,"121,1739991097"
68,1,mulher,36,0,1356333,96880.9285714286,113027.75,PB,Boqueirão,Região Nordeste,6279.3194444445,0,"282,4477420825"
57,2,homem,43,1,2625,187.5,218.75,SE,Campo do Brito,Região Nordeste,10.1744186047,11,"152,9604749631"
93,3,homem,23,0,9225,658.9285714286,768.75,SP,Mirante do Paranapanema,Região Sudeste,66.847826087,8,"227,2437428201"
247,1,mulher,16,0,865,61.7857142857,72.0833333333,AL,Lagoa da Canoa,Região Nordeste,9.0104166667,13,"123,4523732606"
9,3,mulher,27,0,11133,795.2142857143,927.75,MG,Comercinho,Região Sudeste,68.7222222222,14,"274,3209638413"
167,3,homem,18,1,202125,14437.5,16843.75,RJ,Sapucaia,Região Sudeste,1871.5277777778,12,"44,6983998314"
105,3,mulher,45,0,144542,10324.4285714286,12045.1666666667,GO,São Simão,Região Centro-Oeste,535.3407407407,0,"22,6656848518"
139,3,mulher,31,0,78542,5610.1428571429,6545.1666666667,MG,Peçanha,Região Sudeste,422.2688172043,4,"129,1273165848"
215,2,mulher,33,1,2775,198.2142857143,231.25,MA,Senador la Rocque,Região Nordeste,14.0151515152,14,"11,7804639534"
224,2,homem,22,0,0,0,0,MA,Pastos Bons,Região Nordeste,0,6,"48,6190165898"
232,3,homem,21,1,159,11.3571428571,13.25,PI,São Miguel do Tapuio,Região Nordeste,2.9444444444,6,"171,0962598104"
193,2,homem,36,1,2775,198.2142857143,231.25,RJ,Porciúncula,Região Sudeste,12.8472222222,10,"249,639969277"
279,1,homem,45,0,2655,189.6428571429,221.25,MA,Cândido Mendes,Região Nordeste,9.8333333333,9,"214,1765858726"
72,1,mulher,16,0,579792,41413.7142857143,48316,SC,Seara,Região Sul,6039.5,9,"197,7048251082"
41,3,homem,45,0,72292,5163.7142857143,6024.3333333333,PR,Japurá,Região Sul,267.7481481481,5,"231,2915383488"
166,3,mulher,28,1,144,10.2857142857,12,MT,Nova Olímpia,Região Centro-Oeste,0.8571428571,4,"98,6468411476"
127,3,homem,22,0,78958,5639.8571428572,6579.8333333333,AL,Piaçabuçu,Região Nordeste,598.1666666667,8,"222,1602503283"
191,3,mulher,21,2,192583,13755.9285714286,16048.5833333333,BA,Aporá,Região Nordeste,6419.4333333333,4,"93,0915996334"
5,3,homem,35,0,805,57.5,67.0833333333,BA,Morpará,Região Nordeste,3.8333333333,13,"227,9233771193"
116,1,homem,22,0,1356333,96880.9285714286,113027.75,MT,São José do Rio Claro,Região Centro-Oeste,10275.25,4,"181,560062715"
256,1,mulher,54,1,594,42.4285714286,49.5,MA,Cajari,Região Nordeste,1.8333333333,12,"183,327673204"
291,3,homem,33,1,20525,1466.0714285714,1710.4166666667,MS,Itaquiraí,Região Centro-Oeste,103.6616161616,14,"181,3082661218"
131,3,homem,22,0,77292,5520.8571428572,6441,BA,Cafarnaum,Região Nordeste,585.5454545455,6,"207,4512671924"
22,3,mulher,18,2,18,1.2857142857,1.5,SC,Balneário Barra do Sul,Região Sul,0.1666666667,9,"260,1875436644"
204,3,homem,34,0,805,57.5,67.0833333333,CE,Jaguaretama,Região Nordeste,3.9460784314,0,"135,6024616226"
284,3,mulher,21,4,31275,2233.9285714286,2606.25,SP,Buri,Região Sudeste,579.1666666667,13,"6,7712944364"
42,2,mulher,35,1,2775,198.2142857143,231.25,PI,Queimada Nova,Região Nordeste,13.2142857143,6,"12,1998472607"
80,1,mulher,41,0,1345,96.0714285714,112.0833333333,MA,Sítio Novo,Região Nordeste,5.4674796748,7,"58,3860638309"
182,2,homem,31,0,105,7.5,8.75,BA,Fátima,Região Nordeste,0.564516129,7,"248,0450271119"
91,3,homem,30,1,159,11.3571428571,13.25,MG,Carmópolis de Minas,Região Sudeste,8.8333333333,1,"249,327992579"
130,2,mulher,36,0,13,0.9285714286,1.0833333333,AC,Plácido de Castro,Região Norte,0.0601851852,7,"46,6956877183"
145,3,mulher,21,1,9825,701.7857142857,818.75,PR,Ampére,Região Sul,77.9761904762,8,"28,3819764328"
264,3,homem,22,0,78958,5639.8571428572,6579.8333333333,RR,Caracaraí,Região Norte,598.1666666667,4,"5,8672487356"
34,3,homem,45,4,396,28.2857142857,33,SP,Terra Roxa,Região Sudeste,1.4666666667,6,"135,7390249849"
188,1,homem,21,0,818583,58470.2142857143,68215.25,RN,Jucurutu,Região Nordeste,34107625,1,"147,4040429204"
255,1,homem,36,0,262875,18776.7857142857,21906.25,PI,Castelo do Piauí,Região Nordeste,1217.0138888889,10,"11,1004078286"
213,3,homem,22,0,725,51.7857142857,60.4166666667,BA,Boa Vista do Tupim,Região Nordeste,5.4924242424,10,"165,1857482818"
157,3,homem,44,0,7925,566.0714285714,660.4166666667,GO,Cocalzinho de Goiás,Região Centro-Oeste,30.0189393939,7,"161,8392288337"
257,3,homem,24,0,74958,5354.1428571429,6246.5,RS,Nova Hartz,Região Sul,520.5416666667,3,"77,1599100986"
259,2,mulher,34,0,105,7.5,8.75,RS,Horizontina,Região Sul,0.5147058824,3,"41,5248461536"
258,1,homem,47,0,340208,24300.5714285714,28350.6666666667,CE,Cariré,Região Nordeste,1206.4113475177,9,"253,9597460016"
23,3,mulher,14,1,112417,8029.7857142857,9368.0833333333,SP,Guaraçaí,Região Sudeste,1338.2976190476,1,"225,1204635027"
64,3,homem,27,0,78958,5639.8571428572,6579.8333333333,RO,Alvorada D´oeste,Região Norte,487.3950617284,0,"120,809621471"
29,3,homem,35,0,805,57.5,67.0833333333,BA,Malhada de Pedras,Região Nordeste,3.8333333333,2,"15,5460770491"
136,1,mulher,23,1,113275,8091.0714285714,9439.5833333333,MG,Bom Sucesso,Região Sudeste,820.8333333333,3,"175,9135008546"
287,1,homem,50,1,106425,7601.7857142857,8868.75,MG,Presidente Olegário,Região Sudeste,354.75,12,"213,1354557562"
121,3,homem,20,0,40125,2866.0714285714,3343.75,MS,Terenos,Região Centro-Oeste,334375,6,"274,4946400872"
138,3,homem,22,0,77958,5568.4285714286,6496.5,AL,Estrela de Alagoas,Região Nordeste,590.5909090909,1,"191,2815113988"
149,3,homem,51,0,775,55.3571428571,64.5833333333,MG,Santo Antônio do Amparo,Região Sudeste,2.5326797386,13,"26,2853262321"
48,1,homem,31,0,2772,198,231,RN,Baía Formosa,Região Nordeste,14.9032258065,10,"90,6834475695"
32,3,homem,30,2,2160,154.2857142857,180,MS,Anaurilândia,Região Centro-Oeste,12,13,"101,5614224867"
211,3,homem,22,0,7725,551.7857142857,643.75,MG,Ervália,Região Sudeste,58.5227272727,5,"292,4095482999"
269,2,mulher,50,0,105,7.5,8.75,SC,Guabiruba,Região Sul,0.35,5,"242,7231455201"
128,2,homem,18,0,735,52.5,61.25,PA,Santa Maria Das Barreiras,Região Norte,6.8055555556,5,"112,9119952048"
261,2,mulher,36,1,26,1.8571428571,2.1666666667,PB,Conceição,Região Nordeste,0.1203703704,1,"269,5533930365"
194,3,homem,22,1,199667,14261.9285714286,16638.9166666667,PA,Floresta do Araguaia,Região Norte,1512.6287878788,13,"153,431224978"
216,2,mulher,23,0,137917,9851.2142857143,11493.0833333333,SP,Guapiara,Região Sudeste,999.3985507246,1,"142,9589940676"
275,3,homem,21,1,72292,5163.7142857143,6024.3333333333,RS,Arroio Grande,Região Sul,708.7450980392,9,"240,8534402859"
38,1,homem,65,0,61979,4427.0714285714,5164.9166666667,MT,Denise,Região Centro-Oeste,158.9205128205,3,"182,2946807834"
168,3,homem,22,0,725,51.7857142857,60.4166666667,AM,Maraã,Região Norte,5.4924242424,14,"260,7683112853"
290,2,homem,22,0,138625,9901.7857142857,11552.0833333333,BA,Buerarema,Região Nordeste,1050.1893939394,0,"193,9409983308"
134,3,homem,21,0,77958,5568.4285714286,6496.5,MA,São João do Soter,Região Nordeste,618.7142857143,6,"23,9220506552"
265,3,homem,22,0,7225,516.0714285714,602.0833333333,GO,Campos Belos,Região Centro-Oeste,54.7348484848,5,"233,0676071393"
223,3,homem,21,5,469,33.5,39.0833333333,MG,Turmalina,Região Sudeste,8.6851851852,9,"56,8078526054"
283,1,mulher,36,0,71,5.0714285714,5.9166666667,BA,Itarantim,Região Nordeste,0.3287037037,8,"99,435507542"
33,3,mulher,31,1,178,12.7142857143,14.8333333333,TO,Filadélfia,Região Norte,0.9569892473,8,"59,3777987652"
176,3,homem,17,0,7125,508.9285714286,593.75,PE,Afrânio,Região Nordeste,69.8529411765,13,"251,313462905"
129,3,homem,21,5,469,33.5,39.0833333333,SP,Jacupiranga,Região Sudeste,78.1666666667,13,"263,1046257197"
140,2,homem,46,0,26,1.8571428571,2.1666666667,SC,Taió,Região Sul,0.0942028986,6,"294,652311741"
240,3,homem,22,0,151,10.7857142857,12.5833333333,BA,Utinga,Região Nordeste,1.1439393939,9,"122,4948445459"
234,3,homem,21,0,725,51.7857142857,60.4166666667,SC,Garopaba,Região Sul,5.753968254,7,"195,1916956086"
170,2,mulher,19,0,26,1.8571428571,2.1666666667,ES,Rio Bananal,Região Sudeste,0.2280701754,8,"30,9816140032"
14,1,homem,15,0,277208,19800.5714285714,23100.6666666667,SP,Ouroeste,Região Sudeste,3080.0888888889,10,"205,6566702808"
175,2,mulher,42,1,26,1.8571428571,2.1666666667,PB,Remígio,Região Nordeste,0.1031746032,2,"154,6393822214"
177,1,homem,50,1,559,39.9285714286,46.5833333333,MA,Magalhães de Almeida,Região Nordeste,1.8633333333,5,"165,2255207684"
